parent_asin,rating,title,text
B07XJ8C8F5,5,Best headphones I've ever owned,"I've tried many wireless headphones over the years, but these are on a different level. The noise cancellation is outstanding — I use them on my daily commute and can't hear anything around me. Battery life easily lasts two full workdays. The sound is rich and well-balanced, with deep bass that doesn't overpower the mids. The ear cushions are incredibly comfortable even after 4-5 hours of use. Build quality feels premium. Highly recommend."
B09G3HRMVW,5,Exceptional sound quality for the price,"For the price, these headphones punch way above their weight. The audio is crisp and detailed, and the noise cancellation actually works well in noisy offices. I was skeptical at first, but after a week of daily use I'm genuinely impressed. Pairing is instant, the app works perfectly, and battery life is solid. My only minor gripe is that the carrying case feels a bit cheap."
B08N5WRWNW,5,Life-changing noise cancellation,"I work in an open-plan office and these headphones have genuinely improved my focus and productivity. The ANC blocks out conversations completely. Call quality is also excellent — people tell me I sound clearer than on my phone. Comfortable enough for all-day wear. 100% worth every penny."
B07ZPKBL9V,5,Perfect travel companion,"These fold flat, fit in any bag, and the battery lasts for 14-hour flights with ANC on. Sound quality is warm and pleasing. I've used them on six international trips and they haven't let me down once. Customer support also replaced a faulty cable within 48 hours, no questions asked."
B09B8RNKN6,4,Great headphones with minor Bluetooth quirks,"Sound and comfort are both excellent — I especially love the transparency mode for when I need to hear my surroundings. Battery life is as advertised. The only reason I'm giving 4 stars is that Bluetooth occasionally drops for a split second when my phone is in my pocket. It's rare but annoying enough to mention. Everything else is top notch."
B07YTM1GDB,4,"Very good, almost perfect","These are my daily drivers and I love them. The soundstage is wide and instrument separation is great for the price. My only complaints are that the touch controls are a bit oversensitive — I accidentally skip tracks when adjusting the fit — and the app could be more intuitive. But the audio quality is genuinely excellent."
B08C4K4XNC,4,Solid workout headphones,"I use these exclusively for running and gym sessions. They stay in place, the IP55 rating gives me peace of mind when it rains, and the sound is energetic. My ears start to ache after about 90 minutes so I take breaks, but that might just be my ear shape. Battery life is good — around 8 hours per charge."
B07PXGQC1Q,3,Decent but nothing special,"These get the job done but feel average compared to similarly-priced competitors. The sound is okay — a bit bass-heavy for my taste. Noise cancellation exists but isn't impressive. Build quality feels solid enough. I'd call them reliable and inoffensive rather than exciting. Fine for casual use, not for audiophiles."
B08KTZ8249,3,"Good sound, poor mic quality","As headphones for music, these are genuinely good — warm, detailed, comfortable. But if you plan to use them for calls, look elsewhere. The microphone picks up a lot of ambient noise and people consistently say I sound muffled. For music-only use I'd rate them 4 stars, but the call quality drops my rating to 3."
B07THHQMHM,2,Disappointed after two months,"The headphones sounded great for the first month. Then the left cup started cutting out intermittently. It got progressively worse and now the left side drops out every few minutes. I contacted support but the warranty process has been a frustrating experience. For the price I expected better build quality and much better after-sales service."
B09KXSQ6CW,2,Returned after a week,"Bass is overwhelming and drowns out everything else. I tried adjusting the EQ in the app but couldn't get a balanced sound. They're also quite tight on the head, which became painful after an hour. The battery life was good and the case is nice, but the sound profile just doesn't suit me. Returned for a refund."
B07QR5MFNL,1,Broke after 3 weeks,"The right earcup hinge snapped during normal folding. Three weeks of careful use and the headphones are unwearable. The audio quality was good while they lasted, which makes this even more frustrating. Quality control is clearly a problem. Do not buy."
B06XWZWYVD,1,Total waste of money,"The noise cancellation produces a loud hissing sound that is more distracting than the ambient noise it's supposed to block. Returned immediately. Save your money."
B08L5NP6NG,5,Best USB-C cable I've found,"I've gone through countless cheap cables that fray or lose their charge after a few months. This one has been going strong for over a year. The braided nylon is tough, the connectors feel solid, and it charges my laptop at full speed. The 2m length is perfect for desktop use. Bought three more for the rest of my devices."
B07TYQ95YT,5,Fast charging that actually works,"This cable supports the full 100W PD spec and I've verified it charges my laptop at rated speed. Most cheap cables don't deliver on fast charging claims but this one genuinely does. Build quality is excellent — thick, flexible, no sharp bends at the connector. Highly recommended for anyone who wants reliable fast charging."
B09BQNJMXT,5,Exactly what a cable should be,"It charges fast, it works with all my devices, it hasn't broken. What else do you want from a cable? The cable management strap is a nice touch. Bought two years ago and it still looks brand new."
B08B6CJ3KK,4,"Good cable, packaging excessive","Functionally this is a great cable — fast, durable, works with all my USB-C devices. I knocked off a star only because it comes in an enormous box with layers of plastic packaging for what is just a cable. The product itself is 5 stars."
B07VL3R2BQ,4,Reliable daily driver,"Using this cable to charge my phone, tablet, and laptop — it handles all three without issues. The 90-degree connector on one end is genuinely useful for when the phone is flat on a table. Only minor issue is that the cable is slightly stiff when cold, loosening up after a minute. No durability concerns after 8 months."
B08FMLP5C1,3,Works but heats up,"The cable charges my devices fine but gets noticeably warm during fast charging. Not dangerously hot, but warmer than other cables I've used. I've dropped to using it for slower overnight charging rather than quick top-ups. It could just be my particular unit, but it makes me slightly uneasy."
B09HX7Y84M,2,Stopped working after 2 months,"Worked perfectly for the first two months, then started cutting out during charging. The connection became unreliable — sometimes it charges, sometimes it doesn't, depending on the angle. Definitely a connector quality issue. Expected more longevity."
B07GJBBGHG,1,Damaged my port,"The connector fit was extremely tight going in and when I pulled it out it brought some debris with it from my port. My phone now charges at reduced speed. Avoid this brand."
B07K3FKFMX,5,Changed how I work from home,"This mechanical keyboard was an investment but completely worth it. The typing experience is satisfying in a way that's hard to describe — every keystroke feels precise and responsive. My typing speed has noticeably improved. The RGB is subtle and tasteful. Highly recommended for anyone who types a lot."
B08N5M7S6K,5,Perfect productivity keyboard,"I write code for 8+ hours a day and this keyboard has eliminated the wrist discomfort I used to get with my old membrane keyboard. The tenkeyless layout gives me more room for the mouse, and the build is rock solid — no flex, no wobble. Excellent product."
B09C13N2GX,5,Best keyboard under €100,"I was skeptical about paying this much for a keyboard, but after two weeks I understand the hype. The switches are smooth and tactile, the aluminium frame adds real weight and stability, and the software lets you remap every key. Worth every cent."
B07KZ7FJWK,4,"Great keyboard, noisy switches","The keyboard itself is excellent — comfortable, well-built, responsive. But I chose clicky switches without fully understanding how loud they are. My colleagues in the office can hear me typing from across the room. That's entirely my fault for the switch choice. The keyboard itself deserves 5 stars; I'm rating 4 to account for the noise warning I wish I'd had."
B08HPBZR9W,4,Solid but software is buggy,"Hardware is excellent — premium feel, comfortable typing, good actuation force. The software for customising lighting profiles is frustratingly buggy though. It crashed three times during setup and once wiped my custom profiles. Once configured it works fine, but getting there was painful. Better software would make this a 5-star product."
B09FPQRSL2,3,"Decent keyboard, nothing more","It types fine and feels reasonably well-made, but I don't understand the glowing reviews. The keycaps are thin and feel slightly hollow. The software is basic. It does the job, but at this price point I expected something more impressive."
B07NWS4GQK,2,Keys started sticking after 6 months,"The keyboard typed beautifully for the first few months. Then the G and H keys started requiring extra pressure to register. I cleaned it thoroughly but the problem persists. For daily use the keyboard is now unreliable. Disappointing build quality for the price."
B08QRNJFMZ,1,Dead on arrival,"One key column was completely unresponsive straight out of the box. Contacted support, waited 10 days for a response, and was told to ship it back at my own cost. Not acceptable for a product in this price range."
B07Y5ZPVLJ,5,Incredibly precise mouse for work and gaming,"The sensor on this mouse is flawless — zero acceleration, perfectly consistent tracking on any surface. The adjustable DPI range covers everything from photo editing to fast-paced gaming. Ergonomics are well thought out and it fits my large hands perfectly. After six months of daily use it feels as new as day one."
B09CJSF7WZ,5,The best mouse I've used in 20 years of computing,"I've used dozens of mice over my career. This one is simply the best. The scroll wheel has satisfying notches, the buttons are perfectly weighted, and the wireless connection has never dropped. Battery lasts three months on a charge. Effortless to recommend."
B08MVN6SKL,4,"Great gaming mouse, charging annoyance","Performance is excellent — low-latency wireless, precise sensor, comfortable shape. The only thing I don't love is the charging: it uses a proprietary dock rather than USB-C, which means I need to remember to dock it rather than just plugging in a cable. Not a dealbreaker but a small inconvenience in 2025."
B07XQ9MDBH,4,Comfortable with one caveat,"Extremely comfortable for long sessions and the tracking is accurate. The side buttons are satisfyingly clicky. I dropped one star because the scroll wheel developed a slight squeak after three months. It doesn't affect functionality but it's annoying. Otherwise a very solid mouse."
B08B5TXJJN,3,"Fine for the price, not for power users","If you want a basic mouse that just works, this is fine. The tracking is acceptable, the build is decent, and it's plug and play. But the DPI only goes to 1600, there's no software customisation, and the cable is a bit stiff. Does the job for everyday office use."
B09MJKP82X,2,Scroll wheel died in 3 months,"The mouse worked well initially but the scroll wheel became erratic after about three months. Scrolling would randomly jump to the top or bottom of the page. Replacement process was slow. I've since switched brands."
B07VNKB9HM,1,Terrible build quality,"The left click button developed a double-click problem within a week. Every single click registers twice, making it impossible to use for anything precise. Known issue with this model based on other reviews. Avoid."
B08JKLS3QP,5,Fantastic webcam for remote work,"Video quality is sharp and the autofocus is fast and accurate. My colleagues have commented on how much better I look in meetings compared to my old laptop camera. Low-light performance is genuinely impressive — well-lit even in my dim home office. The privacy shutter is a great feature. Plug and play on Mac and Windows."
B09P7R3KJN,5,Best webcam I've owned,"1080p at 60fps is silky smooth and the colour reproduction is natural. The built-in microphone is good enough that I stopped using my separate mic for most calls. Setup was instant. If you work from home, this is worth every penny."
B08QWMXL9T,4,"Great image quality, software could improve","The hardware is excellent — sharp image, good dynamic range, reliable autofocus. The companion software for fine-tuning colour and exposure is functional but not polished. I'd also prefer the mount to have a wider range of tilt. But for day-to-day video calls these are minor complaints."
B07ZPDQG6R,3,Average webcam at an above-average price,"The image is okay in good lighting but degrades noticeably in lower light. For the price I expected better. The autofocus is also slow to lock on when you lean forward or back. It works, but I feel I overpaid slightly."
B09T4MLXW2,2,Constant driver issues on Windows 11,"The image quality is good when it works, but I've had to reinstall drivers four times in two months. It randomly stops being recognised by Windows. Customer support sent me the same FAQ article twice. Not reliable enough for professional use."
B07PGMFQRS,1,Overheats and shuts off mid-call,"The camera gets extremely hot during use and after about 30 minutes in a video call it simply shuts off. Completely unusable for back-to-back meetings. Returned immediately."
B09SBKFQ7H,5,Eliminated cable chaos completely,"I replaced eight separate adapters with this single hub and my desk has never been cleaner. All ports work at full spec — the HDMI outputs 4K60, USB-A ports deliver proper charging current, and the SD card reader is fast. It runs warm but never hot. Solid build, no driver issues in 8 months of daily use."
B08MNVLZKQ,5,Essential for MacBook users,"Apple removed all the ports and then sold us this. At least this hub is excellent — everything just works, the build quality matches the MacBook aesthetic, and the passthrough charging keeps my laptop fully powered. Highly recommended."
B07YQ2PBCT,4,Good hub with one limitation,"All ports work reliably and the build is solid. I knocked off one star because with four USB devices, an HDMI, and charging all connected simultaneously, the hub gets quite warm. Not alarming, but I'm conscious of it. Performance has been stable for six months."
B09LPK3QNW,3,Works but runs hot","The hub delivers on its promise functionally — all ports work, speeds are as advertised. But it gets uncomfortably hot when heavily loaded. I've left it slightly elevated on a stand to improve airflow, which helps. Functional but I'd feel better if it ran cooler."
B08FJNQR7X,2,Two ports stopped working after a month,"Started with six working ports, now down to four. The two USB-A ports on the left side simply stopped being recognised. Contacted support but haven't received a useful response after two weeks. Reliability is clearly an issue."
B07HQMBZRW,1,Fried my laptop port","After two weeks of use the hub caused a charging fault that damaged my laptop's USB-C port. Repair cost more than the hub. I cannot in good conscience give this anything but one star."
